{
    "Code": 1,
    "Message": "OK(DATA_HUB)",
    "RequestId": "0b62117d1ee247de9df439eca78e6779",
    "Bizid": "3fb4e69cf5c9454d8a48f24516c5b4c7",
    "Result": [
        {
            "site_name": "S11",
            "hr_site_id": "2200",
            "come_date": "2000/4/10 上午 12:00:00",
            "GSM": "0920235048",
            "title_no": "",
            "CT2": "86951510",
            "change_type": "",
            "working_visa": "",
            "ggroup": "AUO",
            "floor": "T1-3F-00",
            "boss_no": "0602343",
            "class_id": "常日班",
            "LOGONID": "jeffjflin",
            "boss_LOGONID": "jasonyplin",
            "dept_no": "",
            "employee": "Y",
            "card_no": "40835",
            "sex": "M",
            "emp_name": "林正逢",
            "title": "處長",
            "area": "AUT",
            "active": "Y",
            "emp_no": "0004201",
            "emp_type": "派入員工",
            "quit_date": "",
            "emp_kind": "A12",
            "eng_name": "Jeff JF Lin 林正逢",
            "domain_name": "AUO",
            "class_no": "1",
            "edu_no": "",
            "emp_group": "A",
            "site": "AUXM",
            "webflow_updated": "",
            "ori_company": "AUCN",
            "e_mail": "Jeff.jf.lin@auo.com",
            "job_idl": "IDL",
            "cripple": "N",
            "refer_emp_no": "",
            "boss_level": "10",
            "company": "AUCN",
            "ext_no": "86-151510",
            "birthday": "1973/4/10 上午 12:00:00",
            "PHS": "651510",
            "org_id": "AFCX00"
        },
        {
            "site_name": "L3C",
            "hr_site_id": "1100",
            "come_date": "2000/5/22 上午 12:00:00",
            "GSM": "",
            "title_no": "205",
            "CT2": "86601900",
            "change_type": "N",
            "working_visa": "",
            "ggroup": "AUO",
            "floor": "A棟3F",
            "boss_no": "9910202",
            "class_id": "常日班",
            "LOGONID": "wellslin",
            "boss_LOGONID": "mattchien",
            "dept_no": "461",
            "employee": "Y",
            "card_no": "00640503",
            "sex": "M",
            "emp_name": "林立偉",
            "title": "經理",
            "area": "AUT",
            "active": "Y",
            "emp_no": "0005212",
            "emp_type": "一般員工",
            "quit_date": "",
            "emp_kind": "A13",
            "eng_name": "Wells Lin 林立偉",
            "domain_name": "AUO",
            "class_no": "12",
            "edu_no": "1",
            "emp_group": "1",
            "site": "AUHC",
            "webflow_updated": "N",
            "ori_company": "AUHQ",
            "e_mail": "Wells.Lin@auo.com",
            "job_idl": "IDL",
            "cripple": "N",
            "refer_emp_no": "",
            "boss_level": "20",
            "company": "AUHQ",
            "ext_no": "86-501900/86-505701",
            "birthday": "1974/4/28 上午 12:00:00",
            "PHS": "",
            "org_id": "AESHS0"
        },
        {
            "site_name": "GRC",
            "hr_site_id": "1100",
            "come_date": "2000/7/26 上午 12:00:00",
            "GSM": "",
            "title_no": "",
            "CT2": "86607555",
            "change_type": "",
            "working_visa": "",
            "ggroup": "AUO",
            "floor": "",
            "boss_no": "0202103",
            "class_id": "常日班",
            "LOGONID": "jesselee",
            "boss_LOGONID": "bryankuo",
            "dept_no": "",
            "employee": "Y",
            "card_no": "03627592",
            "sex": "M",
            "emp_name": "李緒彬",
            "title": "處長",
            "area": "AUT",
            "active": "Y",
            "emp_no": "0007565",
            "emp_type": "一般員工",
            "quit_date": "",
            "emp_kind": "A12",
            "eng_name": "Jesse Lee 李緒彬",
            "domain_name": "AUO",
            "class_no": "12",
            "edu_no": "",
            "emp_group": "1",
            "site": "AUHC",
            "webflow_updated": "",
            "ori_company": "AUHQ",
            "e_mail": "Jesse.Lee@auo.com",
            "job_idl": "IDL",
            "cripple": "N",
            "refer_emp_no": "",
            "boss_level": "10",
            "company": "AUHQ",
            "ext_no": "86-507555",
            "birthday": "1972/1/9 上午 12:00:00",
            "PHS": "",
            "org_id": "AHRT00"
        },
        {
            "site_name": "ATC",
            "hr_site_id": "1100",
            "come_date": "2003/4/7 上午 12:00:00",
            "GSM": "0975466835",
            "title_no": "",
            "CT2": "86607611",
            "change_type": "",
            "working_visa": "",
            "ggroup": "AUO",
            "floor": "ATC/3F",
            "boss_no": "2012088",
            "class_id": "常日班",
            "LOGONID": "jeremyjdchen",
            "boss_LOGONID": "andresu",
            "dept_no": "",
            "employee": "Y",
            "card_no": "04822992",
            "sex": "M",
            "emp_name": "陳俊達",
            "title": "處長",
            "area": "AUT",
            "active": "Y",
            "emp_no": "0304022",
            "emp_type": "一般員工",
            "quit_date": "",
            "emp_kind": "A12",
            "eng_name": "Jeremy JD Chen 陳俊達",
            "domain_name": "AUO",
            "class_no": "12",
            "edu_no": "",
            "emp_group": "1",
            "site": "AUHC",
            "webflow_updated": "",
            "ori_company": "AUHQ",
            "e_mail": "Jeremy.JD.Chen@auo.com",
            "job_idl": "IDL",
            "cripple": "N",
            "refer_emp_no": "",
            "boss_level": "10",
            "company": "AUHQ",
            "ext_no": "86-507611",
            "birthday": "1976/11/27 上午 12:00:00",
            "PHS": "",
            "org_id": "SSPM00"
        },
        {
            "site_name": "L3C",
            "hr_site_id": "1100",
            "come_date": "2003/7/2 上午 12:00:00",
            "GSM": "0935000905",
            "title_no": "",
            "CT2": "86661810",
            "change_type": "",
            "working_visa": "",
            "ggroup": "AUO",
            "floor": "CUB棟 5F",
            "boss_no": "0009501",
            "class_id": "常日班",
            "LOGONID": "chrisliao",
            "boss_LOGONID": "cdlee",
            "dept_no": "",
            "employee": "Y",
            "card_no": "05010632",
            "sex": "M",
            "emp_name": "廖庭寬",
            "title": "處長",
            "area": "AUT",
            "active": "Y",
            "emp_no": "0307406",
            "emp_type": "一般員工",
            "quit_date": "",
            "emp_kind": "A12",
            "eng_name": "Chris Liao 廖庭寬",
            "domain_name": "AUO",
            "class_no": "12",
            "edu_no": "",
            "emp_group": "1",
            "site": "AUHC",
            "webflow_updated": "",
            "ori_company": "AUHQ",
            "e_mail": "Chris.Liao@auo.com",
            "job_idl": "IDL",
            "cripple": "N",
            "refer_emp_no": "",
            "boss_level": "10",
            "company": "AUHQ",
            "ext_no": "86-505524",
            "birthday": "1977/1/2 上午 12:00:00",
            "PHS": "",
            "org_id": "MMFE00"
        },
        {
            "site_name": "L6A",
            "hr_site_id": "1200",
            "come_date": "2007/3/12 上午 12:00:00",
            "GSM": "0928603616",
            "title_no": "",
            "CT2": "86661714",
            "change_type": "",
            "working_visa": "",
            "ggroup": "AUO",
            "floor": "3F",
            "boss_no": "9901220",
            "class_id": "常日班",
            "LOGONID": "henryyeh",
            "boss_LOGONID": "cshsieh",
            "dept_no": "",
            "employee": "Y",
            "card_no": "04961205",
            "sex": "M",
            "emp_name": "葉協益",
            "title": "處長",
            "area": "AUT",
            "active": "Y",
            "emp_no": "0703213",
            "emp_type": "一般員工",
            "quit_date": "",
            "emp_kind": "A12",
            "eng_name": "Henry Yeh 葉協益",
            "domain_name": "AUO",
            "class_no": "12",
            "edu_no": "",
            "emp_group": "1",
            "site": "AULT",
            "webflow_updated": "",
            "ori_company": "AUHQ",
            "e_mail": "Henry.Yeh@auo.com",
            "job_idl": "IDL",
            "cripple": "N",
            "refer_emp_no": "K0000041",
            "boss_level": "10",
            "company": "AUHQ",
            "ext_no": "86-561714",
            "birthday": "1976/3/8 上午 12:00:00",
            "PHS": "661714",
            "org_id": "ADTC00"
        },
        {
            "site_name": "M11",
            "hr_site_id": "1100",
            "come_date": "2008/1/21 上午 12:00:00",
            "GSM": "0912-781002",
            "title_no": "",
            "CT2": "86662315",
            "change_type": "",
            "working_visa": "",
            "ggroup": "AUO",
            "floor": "V棟/7F",
            "boss_no": "0508274",
            "class_id": "常日班",
            "LOGONID": "bradbllee",
            "boss_LOGONID": "billchen",
            "dept_no": "",
            "employee": "Y",
            "card_no": "04900904",
            "sex": "M",
            "emp_name": "李立文",
            "title": "經理",
            "area": "AUT",
            "active": "Y",
            "emp_no": "0801208",
            "emp_type": "一般員工",
            "quit_date": "",
            "emp_kind": "A13",
            "eng_name": "Brad BL Lee 李立文",
            "domain_name": "AUO",
            "class_no": "12",
            "edu_no": "",
            "emp_group": "1",
            "site": "AUHC",
            "webflow_updated": "",
            "ori_company": "AUHQ",
            "e_mail": "Brad.BL.Lee@auo.com",
            "job_idl": "IDL",
            "cripple": "N",
            "refer_emp_no": "",
            "boss_level": "20",
            "company": "AUHQ",
            "ext_no": "86-562315",
            "birthday": "1981/10/2 上午 12:00:00",
            "PHS": "",
            "org_id": "MQABCA"
        },
        {
            "site_name": "GRC",
            "hr_site_id": "1100",
            "come_date": "2010/3/22 上午 12:00:00",
            "GSM": "",
            "title_no": "",
            "CT2": "",
            "change_type": "",
            "working_visa": "",
            "ggroup": "AUO",
            "floor": "",
            "boss_no": "1909028",
            "class_id": "常日班",
            "LOGONID": "paulkplee",
            "boss_LOGONID": "frankko",
            "dept_no": "",
            "employee": "Y",
            "card_no": "01747616",
            "sex": "M",
            "emp_name": "李耕溥",
            "title": "法務長",
            "area": "AUT",
            "active": "Y",
            "emp_no": "1003390",
            "emp_type": "一般員工",
            "quit_date": "",
            "emp_kind": "A11",
            "eng_name": "Paul KP Lee 李耕溥",
            "domain_name": "AUO",
            "class_no": "12",
            "edu_no": "",
            "emp_group": "1",
            "site": "AUHC",
            "webflow_updated": "",
            "ori_company": "AUHQ",
            "e_mail": "Paul.KP.Lee@auo.com",
            "job_idl": "IDL",
            "cripple": "N",
            "refer_emp_no": "",
            "boss_level": "06",
            "company": "AUHQ",
            "ext_no": "86-501150",
            "birthday": "1975/8/6 上午 12:00:00",
            "PHS": "",
            "org_id": "AEA000"
        },
        {
            "site_name": "",
            "hr_site_id": "1100",
            "come_date": "2022/2/15 上午 12:00:00",
            "GSM": "84-962755510",
            "title_no": "",
            "CT2": "",
            "change_type": "",
            "working_visa": "",
            "ggroup": "AUO",
            "floor": "",
            "boss_no": "0102217",
            "class_id": "常日班",
            "LOGONID": "haotsai",
            "boss_LOGONID": "josephchen",
            "dept_no": "",
            "employee": "Y",
            "card_no": "03627572",
            "sex": "M",
            "emp_name": "蔡君豪",
            "title": "經理",
            "area": "AUT",
            "active": "Y",
            "emp_no": "2202095",
            "emp_type": "一般員工",
            "quit_date": "",
            "emp_kind": "A13",
            "eng_name": "Hao Tsai 蔡君豪",
            "domain_name": "AUO",
            "class_no": "12",
            "edu_no": "",
            "emp_group": "1",
            "site": "AUHC",
            "webflow_updated": "",
            "ori_company": "AUHQ",
            "e_mail": "Hao.Tsai@auo.com",
            "job_idl": "IDL",
            "cripple": "N",
            "refer_emp_no": "",
            "boss_level": "20",
            "company": "AUHQ",
            "ext_no": "",
            "birthday": "1979/7/31 上午 12:00:00",
            "PHS": "",
            "org_id": "AMMBCB"
        },
        {
            "site_name": "ATC",
            "hr_site_id": "1100",
            "come_date": "1998/6/1 上午 12:00:00",
            "GSM": "",
            "title_no": "145",
            "CT2": "86663677",
            "change_type": "N",
            "working_visa": "",
            "ggroup": "AUO",
            "floor": "ATC/9F",
            "boss_no": "1909028",
            "class_id": "常日班",
            "LOGONID": "tinglilin",
            "boss_LOGONID": "frankko",
            "dept_no": "1180",
            "employee": "Y",
            "card_no": "02910115",
            "sex": "M",
            "emp_name": "林挺立",
            "title": "資深副總經理",
            "area": "AUT",
            "active": "Y",
            "emp_no": "9806202",
            "emp_type": "一般員工",
            "quit_date": "",
            "emp_kind": "A11",
            "eng_name": "Ting Li Lin 林挺立",
            "domain_name": "AUO",
            "class_no": "12",
            "edu_no": "1",
            "emp_group": "1",
            "site": "AUHC",
            "webflow_updated": "N",
            "ori_company": "AUHQ",
            "e_mail": "TingLi.Lin@auo.com",
            "job_idl": "IDL",
            "cripple": "N",
            "refer_emp_no": "K0000032",
            "boss_level": "03",
            "company": "AUHQ",
            "ext_no": "86-501997",
            "birthday": "1972/8/20 上午 12:00:00",
            "PHS": "",
            "org_id": "MGM000"
        },
        {
            "site_name": "AUX",
            "hr_site_id": "2200",
            "come_date": "2007/1/1 上午 12:00:00",
            "GSM": "",
            "title_no": "0",
            "CT2": "",
            "change_type": "N",
            "working_visa": "N",
            "ggroup": "AUO",
            "floor": "",
            "boss_no": "X2331011",
            "class_id": "常日班",
            "LOGONID": "stanlyzhang",
            "boss_LOGONID": "lukeqflin",
            "dept_no": "3072",
            "employee": "Y",
            "card_no": "383467",
            "sex": "M",
            "emp_name": "张坤",
            "title": "经理",
            "area": "",
            "active": "Y",
            "emp_no": "X0721004",
            "emp_type": "一般员工",
            "quit_date": "",
            "emp_kind": "A30",
            "eng_name": "Stanly Zhang 張坤",
            "domain_name": "AUO",
            "class_no": "1",
            "edu_no": "0",
            "emp_group": "1",
            "site": "AUXM",
            "webflow_updated": "N",
            "ori_company": "AUCN",
            "e_mail": "Stanly.Zhang@auo.com",
            "job_idl": "IDL",
            "cripple": "N",
            "refer_emp_no": "",
            "boss_level": "20",
            "company": "AUCN",
            "ext_no": "86-151834",
            "birthday": "1984/1/13 上午 12:00:00",
            "PHS": "",
            "org_id": "ASPFB0"
        }
    ]
}