{
    "Code": 1,
    "Message": "OK(DATA_HUB)",
    "RequestId": "50f555b168064eb1b5e7e0aafb7da1d0",
    "Bizid": "d70afa17731f44458e43833d6e8df09f",
    "Result": [
        {
            "boss_emp_no": "1108052",
            "ORGID": "00007651",
            "active": "Y",
            "part_time": "N",
            "org_disname": "越南資訊工程部",
            "effective_date": "2023/12/1 上午 12:00:00",
            "cost_center": "AADTCN0",
            "phantom": "N",
            "parent_org_id": "ADTC00",
            "webflow_updated": "N",
            "org_sid": "AAA00B00D0G",
            "boss_level": "20",
            "org_bid": "",
            "DIVID": "",
            "org_id": "ADTCN0",
            "orglvl": "AAA00B00D0G",
            "area": "AUT",
            "org_cname": "越南資訊工程部",
            "boss_title": "Manager",
            "parent_orgid": "00003787",
            "site": "3200",
            "org_ename": "IT Dept. (AUVN)",
            "bu_org": "ADTCN0",
            "org_eshortname": "ADTCN0",
            "company": "AUVN",
            "secretary_emp_no": "S0608303"
        },
        {
            "boss_emp_no": "S1902006",
            "ORGID": "00007676",
            "active": "Y",
            "part_time": "N",
            "org_disname": "工程一課",
            "effective_date": "2024/2/1 上午 12:00:00",
            "cost_center": "AADTCN1",
            "phantom": "N",
            "parent_org_id": "ADTCN0",
            "webflow_updated": "N",
            "org_sid": "AAA00B00D0GA",
            "boss_level": "30",
            "org_bid": "",
            "DIVID": "",
            "org_id": "ADTCN1",
            "orglvl": "AAA00B00D0GA",
            "area": "AUT",
            "org_cname": "工程一課",
            "boss_title": "Assistant Manager",
            "parent_orgid": "00007651",
            "site": "3200",
            "org_ename": "DT Engineering Sec. I",
            "bu_org": "ADTCN0",
            "org_eshortname": "ADTCN1",
            "company": "AUVN",
            "secretary_emp_no": ""
        },
        {
            "boss_emp_no": "1003390",
            "ORGID": "00007661",
            "active": "Y",
            "part_time": "Y",
            "org_disname": "法務室",
            "effective_date": "2024/1/13 上午 12:00:00",
            "cost_center": "AAEA00B",
            "phantom": "N",
            "parent_org_id": "GM0000",
            "webflow_updated": "N",
            "org_sid": "AAA000H",
            "boss_level": "6",
            "org_bid": "",
            "DIVID": "",
            "org_id": "AEA00B",
            "orglvl": "AAA000H",
            "area": "AUT",
            "org_cname": "法務室",
            "boss_title": "Chief Legal Officer (CLO)",
            "parent_orgid": "00000002",
            "site": "3200",
            "org_ename": "Legal Office",
            "bu_org": "AEA00B",
            "org_eshortname": "AEA00B",
            "company": "AUVN",
            "secretary_emp_no": "9606002"
        },
        {
            "boss_emp_no": "0005212",
            "ORGID": "00007658",
            "active": "Y",
            "part_time": "Y",
            "org_disname": "環保整合課",
            "effective_date": "2023/12/1 上午 12:00:00",
            "cost_center": "AAESHS2",
            "phantom": "N",
            "parent_org_id": "AESHS0",
            "webflow_updated": "N",
            "org_sid": "AAAA0000A0ID",
            "boss_level": "30",
            "org_bid": "",
            "DIVID": "",
            "org_id": "AESHS2",
            "orglvl": "AAAA0000B0HB",
            "area": "AUT",
            "org_cname": "海外新廠規劃課",
            "boss_title": "Senior Manager",
            "parent_orgid": "00006539",
            "site": "3200",
            "org_ename": "Overseas New Site Planning Sec.",
            "bu_org": "AESHS0",
            "org_eshortname": "AESHS2",
            "company": "AUVN",
            "secretary_emp_no": "9905435"
        },
        {
            "boss_emp_no": "2303003",
            "ORGID": "00007627",
            "active": "Y",
            "part_time": "N",
            "org_disname": "越南財會部",
            "effective_date": "2023/11/6 上午 12:00:00",
            "cost_center": "AAFCXD0",
            "phantom": "N",
            "parent_org_id": "AFCX00",
            "webflow_updated": "N",
            "org_sid": "AAA00AA0C0B",
            "boss_level": "20",
            "org_bid": "",
            "DIVID": "",
            "org_id": "AFCXD0",
            "orglvl": "AAA00AA0C0B",
            "area": "AUT",
            "org_cname": "越南財會部",
            "boss_title": "Senior Manager",
            "parent_orgid": "00002075",
            "site": "3200",
            "org_ename": "F&A Dept.(AUVN)",
            "bu_org": "AFCXD0",
            "org_eshortname": "AFCXD0",
            "company": "AUVN",
            "secretary_emp_no": ""
        },
        {
            "boss_emp_no": "0609190",
            "ORGID": "00007441",
            "active": "Y",
            "part_time": "N",
            "org_disname": "越南人力資源部",
            "effective_date": "2023/10/13 上午 12:00:00",
            "cost_center": "AAHRTA0",
            "phantom": "N",
            "parent_org_id": "AHRT00",
            "webflow_updated": "N",
            "org_sid": "AAA000A0C0J",
            "boss_level": "20",
            "org_bid": "",
            "DIVID": "",
            "org_id": "AHRTA0",
            "orglvl": "AAA000A0C0H",
            "area": "AUT",
            "org_cname": "越南人力資源部",
            "boss_title": "Manager",
            "parent_orgid": "00000724",
            "site": "3200",
            "org_ename": "Human Resource Dept. (VN)",
            "bu_org": "AHRTA0",
            "org_eshortname": "AHRTA0",
            "company": "AUVN",
            "secretary_emp_no": ""
        },
        {
            "boss_emp_no": "2202095",
            "ORGID": "00007660",
            "active": "Y",
            "part_time": "Y",
            "org_disname": "越南資材部",
            "effective_date": "2023/12/1 上午 12:00:00",
            "cost_center": "AAMMBC0",
            "phantom": "N",
            "parent_org_id": "AMMB00",
            "webflow_updated": "N",
            "org_sid": "AAAA0GA0D0C",
            "boss_level": "20",
            "org_bid": "",
            "DIVID": "",
            "org_id": "AMMBC0",
            "orglvl": "AAAA0GA0D0C",
            "area": "AUT",
            "org_cname": "越南資材部",
            "boss_title": "Senior Manager",
            "parent_orgid": "00002565",
            "site": "3200",
            "org_ename": "Material Dept. (AUVN)",
            "bu_org": "AMMBC0",
            "org_eshortname": "AMMBC0",
            "company": "AUVN",
            "secretary_emp_no": ""
        },
        {
            "boss_emp_no": "2109004",
            "ORGID": "00007653",
            "active": "Y",
            "part_time": "N",
            "org_disname": "S21 廠",
            "effective_date": "2023/12/1 上午 12:00:00",
            "cost_center": "AAS2100",
            "phantom": "N",
            "parent_org_id": "MSF000",
            "webflow_updated": "N",
            "org_sid": "AAAAC0K0A",
            "boss_level": "10",
            "org_bid": "",
            "DIVID": "",
            "org_id": "AS2100",
            "orglvl": "AAA00IB0A",
            "area": "AUT",
            "org_cname": "S21 廠",
            "boss_title": "Director",
            "parent_orgid": "00007652",
            "site": "3200",
            "org_ename": "S21 Fab",
            "bu_org": "AS2100",
            "org_eshortname": "AS2100",
            "company": "AUVN",
            "secretary_emp_no": "S0206257"
        },
        {
            "boss_emp_no": "S0516315",
            "ORGID": "00007654",
            "active": "Y",
            "part_time": "N",
            "org_disname": "工程部",
            "effective_date": "2023/12/1 上午 12:00:00",
            "cost_center": "AAS21A0",
            "phantom": "N",
            "parent_org_id": "AS2100",
            "webflow_updated": "N",
            "org_sid": "AAAAC0K0A0G",
            "boss_level": "20",
            "org_bid": "",
            "DIVID": "",
            "org_id": "AS21A0",
            "orglvl": "AAAA0IA0A0A",
            "area": "AUT",
            "org_cname": "工程部",
            "boss_title": "Senior Manager",
            "parent_orgid": "00007653",
            "site": "3200",
            "org_ename": "Engineering Dept.",
            "bu_org": "AS21A0",
            "org_eshortname": "AS21A0",
            "company": "AUVN",
            "secretary_emp_no": ""
        },
        {
            "boss_emp_no": "S0520421",
            "ORGID": "00007663",
            "active": "Y",
            "part_time": "N",
            "org_disname": "工程一課",
            "effective_date": "2024/1/1 上午 12:00:00",
            "cost_center": "AAS21A1",
            "phantom": "N",
            "parent_org_id": "AS21A0",
            "webflow_updated": "N",
            "org_sid": "AAAAC0K0A0CA",
            "boss_level": "30",
            "org_bid": "",
            "DIVID": "",
            "org_id": "AS21A1",
            "orglvl": "AAAA0IA0A0AA",
            "area": "AUT",
            "org_cname": "設備課",
            "boss_title": "Assistant Manager",
            "parent_orgid": "00007654",
            "site": "3200",
            "org_ename": "Equipment Sec.",
            "bu_org": "AS21A0",
            "org_eshortname": "AS21A1",
            "company": "AUVN",
            "secretary_emp_no": ""
        },
        {
            "boss_emp_no": "S1015527",
            "ORGID": "00007677",
            "active": "Y",
            "part_time": "N",
            "org_disname": "製程課",
            "effective_date": "2024/2/1 上午 12:00:00",
            "cost_center": "AAS21A3",
            "phantom": "N",
            "parent_org_id": "AS21A0",
            "webflow_updated": "N",
            "org_sid": "AAAAC0K0A0CC",
            "boss_level": "30",
            "org_bid": "",
            "DIVID": "",
            "org_id": "AS21A3",
            "orglvl": "AAAAC0K0A0CC",
            "area": "AUT",
            "org_cname": "製程課",
            "boss_title": "Assistant Manager",
            "parent_orgid": "00007654",
            "site": "3200",
            "org_ename": "Processing Sec.",
            "bu_org": "AS21A0",
            "org_eshortname": "AS21A3",
            "company": "AUVN",
            "secretary_emp_no": ""
        },
        {
            "boss_emp_no": "S0616571",
            "ORGID": "00007655",
            "active": "Y",
            "part_time": "N",
            "org_disname": "製造部",
            "effective_date": "2023/12/1 上午 12:00:00",
            "cost_center": "AAS21M0",
            "phantom": "N",
            "parent_org_id": "AS2100",
            "webflow_updated": "N",
            "org_sid": "AAAAC0K0A0H",
            "boss_level": "20",
            "org_bid": "",
            "DIVID": "",
            "org_id": "AS21M0",
            "orglvl": "AAAA0IA0A0B",
            "area": "AUT",
            "org_cname": "製造部",
            "boss_title": "Manager",
            "parent_orgid": "00007653",
            "site": "3200",
            "org_ename": "Manufacturing Dept.",
            "bu_org": "AS21M0",
            "org_eshortname": "AS21M0",
            "company": "AUVN",
            "secretary_emp_no": ""
        },
        {
            "boss_emp_no": "S0302244",
            "ORGID": "00007671",
            "active": "Y",
            "part_time": "N",
            "org_disname": "生產支援課",
            "effective_date": "2024/2/1 上午 12:00:00",
            "cost_center": "AAS21M1",
            "phantom": "N",
            "parent_org_id": "AS21M0",
            "webflow_updated": "N",
            "org_sid": "AAAAC0K0A0FA",
            "boss_level": "30",
            "org_bid": "",
            "DIVID": "",
            "org_id": "AS21M1",
            "orglvl": "AAAA0IA0A0BA",
            "area": "AUT",
            "org_cname": "製造課",
            "boss_title": "Assistant Manager",
            "parent_orgid": "00007655",
            "site": "3200",
            "org_ename": "Manufacturing Sec.",
            "bu_org": "AS21M0",
            "org_eshortname": "AS21M1",
            "company": "AUVN",
            "secretary_emp_no": ""
        },
        {
            "boss_emp_no": "S0616571",
            "ORGID": "00007672",
            "active": "Y",
            "part_time": "Y",
            "org_disname": "物料課",
            "effective_date": "2024/2/1 上午 12:00:00",
            "cost_center": "AAS21M2",
            "phantom": "N",
            "parent_org_id": "AS21M0",
            "webflow_updated": "N",
            "org_sid": "AAAAC0K0A0FB",
            "boss_level": "30",
            "org_bid": "",
            "DIVID": "",
            "org_id": "AS21M2",
            "orglvl": "AAAAC0K0A0FB",
            "area": "AUT",
            "org_cname": "物料課",
            "boss_title": "Manager",
            "parent_orgid": "00007655",
            "site": "3200",
            "org_ename": "Material Sec.",
            "bu_org": "AS21M0",
            "org_eshortname": "AS21M2",
            "company": "AUVN",
            "secretary_emp_no": ""
        },
        {
            "boss_emp_no": "S1207755",
            "ORGID": "00007664",
            "active": "Y",
            "part_time": "N",
            "org_disname": "IE課",
            "effective_date": "2024/1/1 上午 12:00:00",
            "cost_center": "AAS21M3",
            "phantom": "N",
            "parent_org_id": "AS21M0",
            "webflow_updated": "N",
            "org_sid": "AAAAC0K0A0FC",
            "boss_level": "30",
            "org_bid": "",
            "DIVID": "",
            "org_id": "AS21M3",
            "orglvl": "AAAAC0K0A0FC",
            "area": "AUT",
            "org_cname": "IE課",
            "boss_title": "Assistant Manager",
            "parent_orgid": "00007655",
            "site": "3200",
            "org_ename": "IE Sec.",
            "bu_org": "AS21M0",
            "org_eshortname": "AS21M3",
            "company": "AUVN",
            "secretary_emp_no": ""
        },
        {
            "boss_emp_no": "S1704002",
            "ORGID": "00007659",
            "active": "Y",
            "part_time": "F",
            "org_disname": "越南策略採購課",
            "effective_date": "2023/12/1 上午 12:00:00",
            "cost_center": "AASPFB1",
            "phantom": "N",
            "parent_org_id": "ASPFB0",
            "webflow_updated": "N",
            "org_sid": "AAAA0GB0F0CA",
            "boss_level": "30",
            "org_bid": "",
            "DIVID": "",
            "org_id": "ASPFB1",
            "orglvl": "AAAA0GB0F0CA",
            "area": "AUT",
            "org_cname": "越南策略採購課",
            "boss_title": "Senior Engineer",
            "parent_orgid": "00006812",
            "site": "3200",
            "org_ename": "Strategic Procurement Sec.(AUVN)",
            "bu_org": "ASPFB0",
            "org_eshortname": "ASPFB1",
            "company": "AUVN",
            "secretary_emp_no": ""
        },
        {
            "boss_emp_no": "1206034",
            "ORGID": "00007656",
            "active": "Y",
            "part_time": "F",
            "org_disname": "越南廠務工程課",
            "effective_date": "2023/12/1 上午 12:00:00",
            "cost_center": "AMMFE02",
            "phantom": "N",
            "parent_org_id": "MMFE00",
            "webflow_updated": "N",
            "org_sid": "AAAAC0B0H00C",
            "boss_level": "30",
            "org_bid": "",
            "DIVID": "",
            "org_id": "MMFE02",
            "orglvl": "AAAAC0B0H00B",
            "area": "AUT",
            "org_cname": "越南廠務工程課",
            "boss_title": "Principal Engineer",
            "parent_orgid": "00004086",
            "site": "3200",
            "org_ename": "Advanced Facility Technology Sec.",
            "bu_org": "MMFE00",
            "org_eshortname": "MMFE02",
            "company": "AUVN",
            "secretary_emp_no": ""
        },
        {
            "boss_emp_no": "0801208",
            "ORGID": "00007657",
            "active": "Y",
            "part_time": "Y",
            "org_disname": "品質服務三部",
            "effective_date": "2023/12/1 上午 12:00:00",
            "cost_center": "AMQABC0",
            "phantom": "N",
            "parent_org_id": "MQAB00",
            "webflow_updated": "N",
            "org_sid": "AAAAC0E0B0E",
            "boss_level": "20",
            "org_bid": "",
            "DIVID": "",
            "org_id": "MQABC0",
            "orglvl": "AAAAC0E0B0E",
            "area": "AUT",
            "org_cname": "越南品管部",
            "boss_title": "Senior Manager",
            "parent_orgid": "00005026",
            "site": "3200",
            "org_ename": "Quality Control Dept. (AUVN)",
            "bu_org": "MQABC0",
            "org_eshortname": "MQABC0",
            "company": "AUVN",
            "secretary_emp_no": "0310413"
        },
        {
            "boss_emp_no": "0408354",
            "ORGID": "00007678",
            "active": "Y",
            "part_time": "N",
            "org_disname": "越南品管一課",
            "effective_date": "2024/2/15 上午 12:00:00",
            "cost_center": "AMQABC3",
            "phantom": "N",
            "parent_org_id": "MQABC0",
            "webflow_updated": "N",
            "org_sid": "AAAAC0E0B0EA",
            "boss_level": "30",
            "org_bid": "",
            "DIVID": "",
            "org_id": "MQABC3",
            "orglvl": "AAAAC0E0B0EA",
            "area": "AUT",
            "org_cname": "越南品管一課",
            "boss_title": "Manager",
            "parent_orgid": "00007657",
            "site": "3200",
            "org_ename": "Quality Control Sec. I (AUVN)",
            "bu_org": "MQABC0",
            "org_eshortname": "MQABC3",
            "company": "AUVN",
            "secretary_emp_no": "0310413"
        },
        {
            "boss_emp_no": "0422514",
            "ORGID": "00007701",
            "active": "Y",
            "part_time": "Y",
            "org_disname": "工程服務處",
            "effective_date": "2024/3/20 上午 12:00:00",
            "cost_center": "NMQME0B",
            "phantom": "N",
            "parent_org_id": "MQM000",
            "webflow_updated": "N",
            "org_sid": "AAAAC0D0G",
            "boss_level": "10",
            "org_bid": "",
            "DIVID": "",
            "org_id": "MQME0B",
            "orglvl": "AAAAC0D0G",
            "area": "AUT",
            "org_cname": "工程服務處",
            "boss_title": "Director",
            "parent_orgid": "00002868",
            "site": "3200",
            "org_ename": "Engineering Service Div.",
            "bu_org": "MQME0B",
            "org_eshortname": "MQME0B",
            "company": "AUVN",
            "secretary_emp_no": "0007318"
        },
        {
            "boss_emp_no": "2305001",
            "ORGID": "00007652",
            "active": "Y",
            "part_time": "N",
            "org_disname": "系統產品製造中心",
            "effective_date": "2023/12/1 上午 12:00:00",
            "cost_center": "AMSF000",
            "phantom": "N",
            "parent_org_id": "MGM000",
            "webflow_updated": "N",
            "org_sid": "AAAAC0K",
            "boss_level": "6",
            "org_bid": "",
            "DIVID": "",
            "org_id": "MSF000",
            "orglvl": "AAAAC0K",
            "area": "AUT",
            "org_cname": "系統產品製造中心",
            "boss_title": "Senior Director",
            "parent_orgid": "00000004",
            "site": "3200",
            "org_ename": "System Product Manufacturing  Center",
            "bu_org": "MSF000",
            "org_eshortname": "MSF000",
            "company": "AUVN",
            "secretary_emp_no": "1901023"
        },
        {
            "boss_emp_no": "2108169",
            "ORGID": "00007679",
            "active": "Y",
            "part_time": "F",
            "org_disname": "Project Team I",
            "effective_date": "2024/2/20 上午 12:00:00",
            "cost_center": "RSSPMC2",
            "phantom": "N",
            "parent_org_id": "SSPMC0",
            "webflow_updated": "N",
            "org_sid": "AAAAB0D0E0CA",
            "boss_level": "30",
            "org_bid": "",
            "DIVID": "",
            "org_id": "SSPMC2",
            "orglvl": "AAAAB0D0E0CA",
            "area": "AUT",
            "org_cname": "Project Team I",
            "boss_title": "Senior Engineer",
            "parent_orgid": "00003438",
            "site": "3200",
            "org_ename": "Project Team I",
            "bu_org": "SSPMC0",
            "org_eshortname": "SSPMC2",
            "company": "AUVN",
            "secretary_emp_no": ""
        }
    ]
}