{
    "Code": 1,
    "Message": "OK(DATA_HUB)",
    "RequestId": "dcd7d3a2b5eb45459f0f76ddfdfbfdfa",
    "Bizid": "8e41b1a68e87463a9c108cc71df52e22",
    "Result": [
        {
            "DEGREE": "03",
            "GRADUATE": "1",
            "COURSE_NAME": "電機工程(學)系",
            "LOCATION": "TW",
            "SCHOOL_NAME": "私立明新科技大學",
            "END_DATE": "20040630",
            "EMP_NO": "0405083",
            "BEGIN_DATE": "20020901"
        },
        {
            "DEGREE": "02",
            "GRADUATE": "1",
            "COURSE_NAME": "自動化及機電整合研究所",
            "LOCATION": "TW",
            "SCHOOL_NAME": "聖約翰科技大學",
            "END_DATE": "20100630",
            "EMP_NO": "0405083",
            "BEGIN_DATE": "20070901"
        },
        {
            "DEGREE": "03",
            "GRADUATE": "1",
            "COURSE_NAME": "化學系",
            "LOCATION": "TW",
            "SCHOOL_NAME": "國立成功大學",
            "END_DATE": "20020630",
            "EMP_NO": "0408354",
            "BEGIN_DATE": "19980901"
        },
        {
            "DEGREE": "02",
            "GRADUATE": "1",
            "COURSE_NAME": "化學系",
            "LOCATION": "TW",
            "SCHOOL_NAME": "國立台灣大學",
            "END_DATE": "20040731",
            "EMP_NO": "0408354",
            "BEGIN_DATE": "20020901"
        },
        {
            "DEGREE": "04",
            "GRADUATE": "1",
            "COURSE_NAME": "電機工程(學)系",
            "LOCATION": "TW",
            "SCHOOL_NAME": "國立雲林工專",
            "END_DATE": "20020630",
            "EMP_NO": "1305431",
            "BEGIN_DATE": "19970901"
        },
        {
            "DEGREE": "03",
            "GRADUATE": "1",
            "COURSE_NAME": "電機工程(學)系",
            "LOCATION": "TW",
            "SCHOOL_NAME": "國立台灣科技大學",
            "END_DATE": "20040630",
            "EMP_NO": "1305431",
            "BEGIN_DATE": "20020901"
        },
        {
            "DEGREE": "02",
            "GRADUATE": "1",
            "COURSE_NAME": "電機工程(學)系",
            "LOCATION": "TW",
            "SCHOOL_NAME": "國立台灣科技大學",
            "END_DATE": "20060630",
            "EMP_NO": "1305431",
            "BEGIN_DATE": "20040901"
        },
        {
            "DEGREE": "03",
            "GRADUATE": "1",
            "COURSE_NAME": "機械工程(學)系",
            "LOCATION": "TW",
            "SCHOOL_NAME": "國立勤益科技大學",
            "END_DATE": "20120630",
            "EMP_NO": "2108169",
            "BEGIN_DATE": "20070901"
        },
        {
            "DEGREE": "02",
            "GRADUATE": "1",
            "COURSE_NAME": "機械工程(學)系",
            "LOCATION": "TW",
            "SCHOOL_NAME": "國立中興大學",
            "END_DATE": "20140630",
            "EMP_NO": "2108169",
            "BEGIN_DATE": "20120901"
        },
        {
            "DEGREE": "03",
            "GRADUATE": "1",
            "COURSE_NAME": "工業管理",
            "LOCATION": "TW",
            "SCHOOL_NAME": "雲林技術學院",
            "END_DATE": "19960630",
            "EMP_NO": "2109004",
            "BEGIN_DATE": "19920612"
        },
        {
            "DEGREE": "02",
            "GRADUATE": "1",
            "COURSE_NAME": "工業管理",
            "LOCATION": "TW",
            "SCHOOL_NAME": "成功大學",
            "END_DATE": "19980630",
            "EMP_NO": "2109004",
            "BEGIN_DATE": "19960611"
        },
        {
            "DEGREE": "02",
            "GRADUATE": "1",
            "COURSE_NAME": "機械工程學系",
            "LOCATION": "TW",
            "SCHOOL_NAME": "國立中央大學",
            "END_DATE": "20060630",
            "EMP_NO": "1206034",
            "BEGIN_DATE": "20040901"
        },
        {
            "DEGREE": "03",
            "GRADUATE": "1",
            "COURSE_NAME": "CHINESE TRANSLATION",
            "LOCATION": "VN",
            "SCHOOL_NAME": "VNU University of Languages and International Stud",
            "END_DATE": "20140601",
            "EMP_NO": "V2352006",
            "BEGIN_DATE": "20100902"
        },
        {
            "DEGREE": "03",
            "GRADUATE": "1",
            "COURSE_NAME": "ACCOUNTING",
            "LOCATION": "VN",
            "SCHOOL_NAME": "Thuong Mai University",
            "END_DATE": "20130723",
            "EMP_NO": "V2352007",
            "BEGIN_DATE": "20090902"
        },
        {
            "DEGREE": "03",
            "GRADUATE": "1",
            "COURSE_NAME": "CHINESE LANGUAGE",
            "LOCATION": "VN",
            "SCHOOL_NAME": "Hanoi University",
            "END_DATE": "20210301",
            "EMP_NO": "V2352012",
            "BEGIN_DATE": "20170902"
        },
        {
            "DEGREE": "03",
            "GRADUATE": "1",
            "COURSE_NAME": "BUSINESS ACCOUNTING",
            "LOCATION": "VN",
            "SCHOOL_NAME": "The Electric Power University",
            "END_DATE": "20151210",
            "EMP_NO": "V2441003",
            "BEGIN_DATE": "20110902"
        },
        {
            "DEGREE": "03",
            "GRADUATE": "1",
            "COURSE_NAME": "CONG NGHE THONG TIN",
            "LOCATION": "VN",
            "SCHOOL_NAME": "Dai hoc CNTT&TT Thai Nguyen",
            "END_DATE": "20180618",
            "EMP_NO": "V2441004",
            "BEGIN_DATE": "20130902"
        },
        {
            "DEGREE": "03",
            "GRADUATE": "1",
            "COURSE_NAME": "KHOA HOC CAY TRONG TIEN TIEN",
            "LOCATION": "VN",
            "SCHOOL_NAME": "Hoc vien Nong nghiep Viet Nam",
            "END_DATE": "20150501",
            "EMP_NO": "V2441015",
            "BEGIN_DATE": "20100902"
        },
        {
            "DEGREE": "02",
            "GRADUATE": "1",
            "COURSE_NAME": "經濟管理",
            "LOCATION": "TW",
            "SCHOOL_NAME": "國立台北科技大學",
            "END_DATE": "20190102",
            "EMP_NO": "V2441015",
            "BEGIN_DATE": "20170201"
        },
        {
            "DEGREE": "02",
            "GRADUATE": "1",
            "COURSE_NAME": "GMBA",
            "LOCATION": "TW",
            "SCHOOL_NAME": "Yuan Ze University",
            "END_DATE": "20230102",
            "EMP_NO": "V2442001",
            "BEGIN_DATE": "20200902"
        },
        {
            "DEGREE": "03",
            "GRADUATE": "1",
            "COURSE_NAME": "CHINESE LANGUAGE",
            "LOCATION": "VN",
            "SCHOOL_NAME": "Dai hoc Thai Nguyen",
            "END_DATE": "20160609",
            "EMP_NO": "V2442006",
            "BEGIN_DATE": "20120902"
        },
        {
            "DEGREE": "03",
            "GRADUATE": "1",
            "COURSE_NAME": "ACCOUNTING",
            "LOCATION": "VN",
            "SCHOOL_NAME": "Dai hoc Cong nghiep",
            "END_DATE": "20140601",
            "EMP_NO": "V2442007",
            "BEGIN_DATE": "20100902"
        },
        {
            "DEGREE": "03",
            "GRADUATE": "1",
            "COURSE_NAME": "ACCOUNTING",
            "LOCATION": "VN",
            "SCHOOL_NAME": "Dai hoc Cong nghiep",
            "END_DATE": "20140601",
            "EMP_NO": "V2442008",
            "BEGIN_DATE": "20100902"
        },
        {
            "DEGREE": "03",
            "GRADUATE": "1",
            "COURSE_NAME": "CONG NGHE THONG TIN",
            "LOCATION": "VN",
            "SCHOOL_NAME": "DH Kinh doanh va cong nghe Ha Noi",
            "END_DATE": "20160801",
            "EMP_NO": "V2443041",
            "BEGIN_DATE": "20120902"
        },
        {
            "DEGREE": "03",
            "GRADUATE": "1",
            "COURSE_NAME": "SU PHAM VAN DIA",
            "LOCATION": "VN",
            "SCHOOL_NAME": "TRUONG DAI HOC SU PHAM - DAI HOC THAI NGUYEN",
            "END_DATE": "20230715",
            "EMP_NO": "V2443042",
            "BEGIN_DATE": "20090902"
        },
        {
            "DEGREE": "05",
            "GRADUATE": "1",
            "COURSE_NAME": "普通科",
            "LOCATION": "TW",
            "SCHOOL_NAME": "市立武陵高中",
            "END_DATE": "20120630",
            "EMP_NO": "2009091",
            "BEGIN_DATE": "20090901"
        },
        {
            "DEGREE": "03",
            "GRADUATE": "2",
            "COURSE_NAME": "數學系",
            "LOCATION": "TW",
            "SCHOOL_NAME": "國立臺灣大學",
            "END_DATE": "20150630",
            "EMP_NO": "2009091",
            "BEGIN_DATE": "20120901"
        },
        {
            "DEGREE": "03",
            "GRADUATE": "1",
            "COURSE_NAME": "財務金融(學)系",
            "LOCATION": "TW",
            "SCHOOL_NAME": "國立中央大學",
            "END_DATE": "20180630",
            "EMP_NO": "2009091",
            "BEGIN_DATE": "20150901"
        },
        {
            "DEGREE": "03",
            "GRADUATE": "1",
            "COURSE_NAME": "景觀建築學系",
            "LOCATION": "TW",
            "SCHOOL_NAME": "私立中華大學",
            "END_DATE": "19970615",
            "EMP_NO": "0609190",
            "BEGIN_DATE": "19930902"
        },
        {
            "DEGREE": "02",
            "GRADUATE": "1",
            "COURSE_NAME": "農村規劃系",
            "LOCATION": "TW",
            "SCHOOL_NAME": "國立屏東科技大學",
            "END_DATE": "20060610",
            "EMP_NO": "0609190",
            "BEGIN_DATE": "20040902"
        },
        {
            "DEGREE": "05",
            "GRADUATE": "1",
            "COURSE_NAME": "普通科",
            "LOCATION": "TW",
            "SCHOOL_NAME": "立人高中",
            "END_DATE": "20020603",
            "EMP_NO": "1108052",
            "BEGIN_DATE": "19990906"
        },
        {
            "DEGREE": "03",
            "GRADUATE": "1",
            "COURSE_NAME": "商船學系",
            "LOCATION": "TW",
            "SCHOOL_NAME": "國立台灣海洋大學",
            "END_DATE": "20060605",
            "EMP_NO": "1108052",
            "BEGIN_DATE": "20020902"
        },
        {
            "DEGREE": "02",
            "GRADUATE": "1",
            "COURSE_NAME": "通訊工程學系",
            "LOCATION": "TW",
            "SCHOOL_NAME": "國立暨南國際大學",
            "END_DATE": "20110613",
            "EMP_NO": "1108052",
            "BEGIN_DATE": "20090907"
        },
        {
            "DEGREE": "03",
            "GRADUATE": "1",
            "COURSE_NAME": "國際貿易(學)系",
            "LOCATION": "TW",
            "SCHOOL_NAME": "私立逢甲大學",
            "END_DATE": "19940601",
            "EMP_NO": "2303003",
            "BEGIN_DATE": "19890901"
        },
        {
            "DEGREE": "02",
            "GRADUATE": "1",
            "COURSE_NAME": "會計資訊與法律數位學習碩士在職專班",
            "LOCATION": "TW",
            "SCHOOL_NAME": "國立中正大學",
            "END_DATE": "20150701",
            "EMP_NO": "2303003",
            "BEGIN_DATE": "20130901"
        },
        {
            "DEGREE": "04",
            "GRADUATE": "1",
            "COURSE_NAME": "COMPUTER ENGINEERING",
            "LOCATION": "TW",
            "SCHOOL_NAME": "Lien Ho Junior College of Technology",
            "END_DATE": "19880630",
            "EMP_NO": "2305001",
            "BEGIN_DATE": "19860901"
        },
        {
            "DEGREE": "02",
            "GRADUATE": "1",
            "COURSE_NAME": "ENGINEERING IN MANUFACTURING MANAGEMENT",
            "LOCATION": "AU",
            "SCHOOL_NAME": "University of South Australia",
            "END_DATE": "20021216",
            "EMP_NO": "2305001",
            "BEGIN_DATE": "20000901"
        }
    ]
}